Trade #,Date,Time,Type,Cnts,Price,Signal Name,Entry P/L,Cumulative
1,08/01/21,10:30,Buy,8,14283.25,Buy,,
,15/01/21,14:30,LExit,8,14440.70,Sell,62980.00,62980.00
2,15/01/21,14:30,Sell,8,14440.70,Sell,,
,19/01/21,11:00,SExit,8,14472.96,Buy,(12904.00),50076.00
3,19/01/21,11:00,Buy,8,14472.96,Buy,,
,22/01/21,11:30,LExit,8,14508.25,Sell,14116.00,64192.00
4,22/01/21,11:30,Sell,8,14508.25,Sell,,
,01/02/21,13:30,SExit,8,14134.96,Buy,149316.00,213508.00
5,01/02/21,13:30,Buy,7,14134.96,Buy,,
,17/02/21,14:00,LExit,7,15205.75,Sell,374776.50,588284.50
6,17/02/21,14:00,Sell,8,15205.75,Sell,,
,02/03/21,10:00,SExit,8,14907.80,Buy,119180.00,707464.50
7,02/03/21,10:00,Buy,7,14907.80,Buy,,
,05/03/21,14:30,LExit,7,14881.79,Sell,(9103.50),698361.00
8,05/03/21,14:30,Sell,9,14881.79,Sell,,
,08/03/21,09:30,SExit,9,15037.84,2NS,(70222.50),628138.50
9,08/03/21,10:00,Buy,9,15068.00,Buy,,
,08/03/21,15:30,LExit,9,14939.95,Sell,(57622.50),570516.00
10,08/03/21,15:30,Sell,9,14939.95,Sell,,
,09/03/21,09:30,SExit,9,15096.94,2NS,(70645.50),499870.50
11,09/03/21,15:30,Buy,9,15130.05,Buy,,
,12/03/21,14:30,LExit,9,15030.45,Sell,(44820.00),455050.50
12,12/03/21,14:30,Sell,9,15030.45,Sell,,
,16/03/21,11:00,SExit,9,15049.00,Buy,(8347.50),446703.00
13,16/03/21,11:00,Buy,9,15049.00,Buy,,
,16/03/21,14:00,LExit,9,14934.95,Sell,(51322.50),395380.50
14,16/03/21,14:00,Sell,9,14934.95,Sell,,
,23/03/21,11:00,SExit,9,14848.05,Buy,39105.00,434485.50
15,23/03/21,11:00,Buy,8,14848.05,Buy,,
,24/03/21,10:30,LExit,8,14709.95,Sell,(55240.00),379245.50
16,24/03/21,10:30,Sell,8,14709.95,Sell,,
,26/03/21,13:30,SExit,8,14657.35,Buy,21040.00,400285.50
17,26/03/21,13:30,Buy,8,14657.35,Buy,,
,05/04/21,10:30,LExit,8,14682.20,Sell,9940.00,410225.50
18,05/04/21,10:30,Sell,9,14682.20,Sell,,
,06/04/21,10:00,SExit,9,14760.05,Buy,(35032.50),375193.00
19,06/04/21,10:00,Buy,9,14760.05,Buy,,
,12/04/21,10:00,LExit,9,14495.00,2NL,(119272.50),255920.50
20,12/04/21,10:00,Sell,9,14489.95,Sell,,
,15/04/21,09:30,SExit,9,14605.39,2NS,(51948.00),203972.50
21,16/04/21,09:30,Buy,8,14605.65,Buy,,
,19/04/21,10:00,LExit,8,14279.00,2NL,(130660.00),73312.50
22,19/04/21,10:00,Sell,8,14238.90,Sell,,
,19/04/21,14:00,SExit,8,14368.79,2NS,(51956.00),21356.50
23,20/04/21,14:30,Sell,8,14351.65,Sell,,
,26/04/21,09:30,SExit,8,14485.57,2NS,(53568.00),(32211.50)
24,26/04/21,10:00,Buy,8,14498.05,Buy,,
,03/05/21,09:30,LExit,8,14541.65,Sell,17440.00,(14771.50)
25,03/05/21,09:30,Sell,7,14541.65,Sell,,
,03/05/21,14:30,SExit,7,14663.50,2NS,(42647.50),(57419.00)
26,04/05/21,09:30,Buy,7,14744.85,Buy,,
,04/05/21,13:30,LExit,7,14619.45,2NL,(43890.00),(101309.00)
27,04/05/21,15:00,Sell,7,14599.95,Sell,,
,06/05/21,09:30,SExit,7,14717.95,Buy,(41300.00),(142609.00)
28,06/05/21,09:30,Buy,7,14717.95,Buy,,
,12/05/21,10:00,LExit,7,14775.04,Sell,19981.50,(122627.50)
29,12/05/21,10:00,Sell,7,14775.04,Sell,,
,17/05/21,10:30,SExit,7,14807.40,Buy,(11326.00),(133953.50)
30,17/05/21,10:30,Buy,7,14807.40,Buy,,
,20/05/21,15:00,LExit,7,14963.29,Sell,54561.50,(79392.00)
31,20/05/21,15:00,Sell,7,14963.29,Sell,,
,21/05/21,10:00,SExit,7,15035.40,Buy,(25238.50),(104630.50)
32,21/05/21,10:00,Buy,7,15035.40,Buy,,
,09/06/21,15:00,LExit,7,15624.00,Sell,206010.00,101379.50
33,09/06/21,15:00,Sell,7,15624.00,Sell,,
,10/06/21,09:30,SExit,7,15683.63,2NS,(20870.50),80509.00
34,10/06/21,12:30,Buy,7,15743.60,Buy,,
,14/06/21,10:00,LExit,7,15675.95,Sell,(23677.50),56831.50
35,14/06/21,10:00,Sell,7,15675.95,Sell,,
,14/06/21,13:00,SExit,7,15748.68,2NS,(25455.50),31376.00
36,14/06/21,13:30,Buy,7,15826.40,Buy,,
,17/06/21,09:30,LExit,7,15671.05,Sell,(54372.50),(22996.50)
37,17/06/21,09:30,Sell,7,15671.05,Sell,,
,17/06/21,10:00,SExit,7,15730.97,2NS,(20972.00),(43968.50)
38,17/06/21,14:30,Sell,7,15656.60,Sell,,
,18/06/21,09:30,SExit,7,15758.00,2NS,(35490.00),(79458.50)
39,18/06/21,10:00,Sell,7,15625.95,Sell,,
,18/06/21,15:30,SExit,7,15701.90,2NS,(26582.50),(106041.00)
40,21/06/21,15:00,Buy,7,15726.50,Buy,,
,23/06/21,13:30,LExit,7,15719.95,Sell,(2292.50),(108333.50)
41,23/06/21,13:30,Sell,7,15719.95,Sell,,
,24/06/21,13:30,SExit,7,15785.05,Buy,(22785.00),(131118.50)
42,24/06/21,13:30,Buy,7,15785.05,Buy,,
,29/06/21,10:30,LExit,7,15791.60,Sell,2292.50,(128826.00)
43,29/06/21,10:30,Sell,7,15791.60,Sell,,
,30/06/21,10:30,SExit,7,15838.25,Buy,(16327.50),(145153.50)
44,30/06/21,10:30,Buy,7,15838.25,Buy,,
,30/06/21,15:00,LExit,7,15787.65,Sell,(17710.00),(162863.50)
45,30/06/21,15:00,Sell,7,15787.65,Sell,,
,05/07/21,10:00,SExit,7,15825.15,Buy,(13125.00),(175988.50)
46,05/07/21,10:00,Buy,7,15825.15,Buy,,
,08/07/21,11:00,LExit,7,15824.85,Sell,(105.00),(176093.50)
47,08/07/21,11:00,Sell,7,15824.85,Sell,,
,12/07/21,10:30,SExit,7,15797.05,Buy,9730.00,(166363.50)
48,12/07/21,10:30,Buy,7,15797.05,Buy,,
,12/07/21,13:30,LExit,7,15720.04,2NL,(26953.50),(193317.00)
49,13/07/21,12:00,Buy,7,15810.96,Buy,,
,19/07/21,13:30,LExit,7,15742.95,Sell,(23803.50),(217120.50)
50,19/07/21,13:30,Sell,7,15742.95,Sell,,
,22/07/21,10:30,SExit,7,15787.10,Buy,(15452.50),(232573.00)
51,22/07/21,10:30,Buy,7,15787.10,Buy,,
,27/07/21,13:00,LExit,7,15795.15,Sell,2817.50,(229755.50)
52,27/07/21,13:00,Sell,6,15795.15,Sell,,
,29/07/21,11:30,SExit,6,15791.05,Buy,1230.00,(228525.50)
53,29/07/21,11:30,Buy,7,15791.05,Buy,,
,11/08/21,11:30,LExit,7,16204.95,Sell,144865.00,(83660.50)
54,11/08/21,11:30,Sell,6,16204.95,Sell,,
,11/08/21,15:30,SExit,6,16279.60,Buy,(22395.00),(106055.50)
55,11/08/21,15:30,Buy,7,16279.60,Buy,,
,23/08/21,11:00,LExit,7,16410.09,Sell,45671.50,(60384.00)
56,23/08/21,11:00,Sell,6,16410.09,Sell,,
,23/08/21,14:00,SExit,6,16510.52,2NS,(30129.00),(90513.00)
57,24/08/21,09:30,Buy,7,16555.40,Buy,,
,13/09/21,10:30,LExit,7,17289.94,Sell,257089.00,166576.00
58,13/09/21,10:30,Sell,6,17289.94,Sell,,
,13/09/21,13:00,SExit,6,17365.68,2NS,(22722.00),143854.00
59,13/09/21,13:00,Buy,7,17373.66,Buy,,
,20/09/21,14:30,LExit,7,17443.14,Sell,24318.00,168172.00
60,20/09/21,14:30,Sell,7,17443.14,Sell,,
,21/09/21,15:00,SExit,7,17529.06,Buy,(30072.00),138100.00
61,21/09/21,15:00,Buy,7,17529.06,Buy,,
,28/09/21,12:30,LExit,7,17753.50,Sell,78554.00,216654.00
62,28/09/21,12:30,Sell,7,17753.50,Sell,,
,29/09/21,15:00,SExit,7,17780.06,Buy,(9296.00),207358.00
63,29/09/21,15:00,Buy,7,17780.06,Buy,,
,30/09/21,09:30,LExit,7,17661.57,2NL,(41471.50),165886.50
64,30/09/21,13:00,Sell,7,17649.94,Sell,,
,04/10/21,10:30,SExit,7,17698.11,Buy,(16859.50),149027.00
65,04/10/21,10:30,Buy,7,17698.11,Buy,,
,06/10/21,15:00,LExit,7,17659.94,Sell,(13359.50),135667.50
66,06/10/21,15:00,Sell,7,17659.94,Sell,,
,07/10/21,09:30,SExit,7,17772.55,2NS,(39413.50),96254.00
67,07/10/21,12:00,Buy,6,17833.11,Buy,,
,20/10/21,14:00,LExit,6,18310.00,Sell,143067.00,239321.00
68,20/10/21,14:00,Sell,6,18310.00,Sell,,
,26/10/21,10:00,SExit,6,18253.00,Buy,17100.00,256421.00
69,26/10/21,10:00,Buy,7,18253.00,Buy,,
,28/10/21,09:30,LExit,7,18180.94,Sell,(25221.00),231200.00
70,28/10/21,09:30,Sell,7,18180.94,Sell,,
,01/11/21,14:30,SExit,7,18010.41,Buy,59685.50,290885.50
71,01/11/21,14:30,Buy,7,18010.41,Buy,,
,02/11/21,14:00,LExit,7,17893.69,Sell,(40852.00),250033.50
72,02/11/21,14:00,Sell,7,17893.69,Sell,,
,03/11/21,10:00,SExit,7,17995.00,Buy,(35458.50),214575.00
73,03/11/21,10:00,Buy,7,17995.00,Buy,,
,03/11/21,13:30,LExit,7,17871.94,Sell,(43071.00),171504.00
74,03/11/21,13:30,Sell,7,17871.94,Sell,,
,08/11/21,09:30,SExit,7,17990.31,2NS,(41429.50),130074.50
75,08/11/21,12:30,Buy,6,18010.06,Buy,,
,11/11/21,10:00,LExit,6,17931.04,Sell,(23706.00),106368.50
76,11/11/21,10:00,Sell,6,17931.04,Sell,,
,12/11/21,10:00,SExit,6,17999.06,Buy,(20406.00),85962.50
77,12/11/21,10:00,Buy,6,17999.06,Buy,,
,16/11/21,15:00,LExit,6,18001.00,Sell,582.00,86544.50
78,16/11/21,15:00,Sell,6,18001.00,Sell,,
,30/11/21,11:00,SExit,6,17338.90,Buy,198630.00,285174.50
79,30/11/21,11:00,Buy,6,17338.90,Buy,,
,30/11/21,11:30,LExit,6,17150.71,2NL,(56457.00),228717.50
80,30/11/21,12:00,Sell,6,17058.94,Sell,,
,02/12/21,09:30,SExit,6,17252.04,2NS,(57930.00),170787.50
81,02/12/21,10:30,Buy,7,17310.06,Buy,,
,03/12/21,14:00,LExit,7,17302.79,Sell,(2544.50),168243.00
82,03/12/21,14:00,Sell,7,17302.79,Sell,,
,07/12/21,14:00,SExit,7,17263.75,Buy,13664.00,181907.00
83,07/12/21,14:00,Buy,7,17263.75,Buy,,
,13/12/21,13:30,LExit,7,17424.94,Sell,56416.50,238323.50
84,13/12/21,13:30,Sell,7,17424.94,Sell,,
,22/12/21,15:30,SExit,7,16968.86,Buy,159628.00,397951.50
85,22/12/21,15:30,Buy,7,16968.86,Buy,,
,24/12/21,11:00,LExit,7,16934.94,Sell,(11872.00),386079.50
86,24/12/21,11:00,Sell,7,16934.94,Sell,,
,24/12/21,14:30,SExit,7,17049.17,2NS,(39980.50),346099.00
87,27/12/21,13:30,Buy,7,17075.06,Buy,,
,18/01/22,15:30,LExit,7,18142.00,Sell,373429.00,719528.00
88,18/01/22,15:30,Sell,7,18142.00,Sell,,
,28/01/22,12:30,SExit,7,17385.06,Buy,264929.00,984457.00
89,28/01/22,12:30,Buy,7,17385.06,Buy,,
,28/01/22,14:30,LExit,7,17183.69,2NL,(70479.50),913977.50
90,28/01/22,14:30,Sell,8,17179.94,Sell,,
,31/01/22,10:00,SExit,8,17366.91,2NS,(74788.00),839189.50
91,31/01/22,12:30,Buy,8,17375.06,Buy,,
,04/02/22,09:30,LExit,8,17499.94,Sell,49952.00,889141.50
92,04/02/22,09:30,Sell,8,17499.94,Sell,,
,04/02/22,10:00,SExit,8,17615.88,2NS,(46376.00),842765.50
93,04/02/22,12:30,Sell,8,17488.44,Sell,,
,09/02/22,10:00,SExit,8,17425.06,Buy,25352.00,868117.50
94,09/02/22,10:00,Buy,8,17425.06,Buy,,
,11/02/22,10:00,LExit,8,17365.19,Sell,(23948.00),844169.50
95,11/02/22,10:00,Sell,8,17365.19,Sell,,
,15/02/22,14:30,SExit,8,17254.21,Buy,44392.00,888561.50
96,15/02/22,14:30,Buy,8,17254.21,Buy,,
,17/02/22,11:00,LExit,8,17232.09,Sell,(8848.00),879713.50
97,17/02/22,11:00,Sell,8,17232.09,Sell,,
,17/02/22,13:00,SExit,8,17409.50,2NS,(70964.00),808749.50
98,21/02/22,09:30,Sell,8,17206.20,Sell,,
,21/02/22,13:30,SExit,8,17333.56,Buy,(50944.00),757805.50
99,21/02/22,13:30,Buy,8,17333.56,Buy,,
,21/02/22,15:00,LExit,8,17192.28,2NL,(56512.00),701293.50
100,22/02/22,09:30,Sell,8,16899.70,Sell,,
,22/02/22,14:30,SExit,8,17040.81,2NS,(56444.00),644849.50
101,23/02/22,14:30,Sell,8,17117.94,Sell,,
,09/03/22,12:30,SExit,8,16194.05,Buy,369556.00,1014405.50
102,09/03/22,12:30,Buy,7,16194.05,Buy,,
,25/03/22,14:00,LExit,7,17129.94,Sell,327561.50,1341967.00
103,25/03/22,14:00,Sell,9,17129.94,Sell,,
,28/03/22,13:30,SExit,9,17254.46,Buy,(56034.00),1285933.00
104,28/03/22,13:30,Buy,10,17254.46,Buy,,
,07/04/22,10:00,LExit,10,17754.34,Sell,249940.00,1535873.00
105,07/04/22,10:00,Sell,9,17754.34,Sell,,
,08/04/22,14:00,SExit,9,17843.06,Buy,(39924.00),1495949.00
106,08/04/22,14:00,Buy,10,17843.06,Buy,,
,11/04/22,09:30,LExit,10,17726.49,2NL,(58285.00),1437664.00
107,11/04/22,15:30,Sell,9,17699.94,Sell,,
,21/04/22,13:00,SExit,9,17385.06,Buy,141696.00,1579360.00
108,21/04/22,13:00,Buy,10,17385.06,Buy,,
,22/04/22,09:30,LExit,10,17225.10,2NL,(79980.00),1499380.00
109,22/04/22,14:30,Sell,10,17200.04,Sell,,
,28/04/22,12:00,SExit,10,17157.06,Buy,21490.00,1520870.00
110,28/04/22,12:00,Buy,10,17157.06,Buy,,
,02/05/22,09:30,LExit,10,16925.00,Sell,(116030.00),1404840.00
111,02/05/22,09:30,Sell,10,16925.00,Sell,,
,02/05/22,11:00,SExit,10,17035.51,2NS,(55255.00),1349585.00
112,04/05/22,11:00,Sell,10,16971.09,Sell,,
,17/05/22,11:30,SExit,10,16109.05,Buy,431020.00,1780605.00
113,17/05/22,11:30,Buy,10,16109.05,Buy,,
,19/05/22,10:00,LExit,10,15922.45,2NL,(93300.00),1687305.00
114,19/05/22,10:00,Sell,11,15889.95,Sell,,
,20/05/22,09:30,SExit,11,16029.84,2NS,(76939.50),1610365.50
115,20/05/22,10:00,Buy,11,16124.25,Buy,,
,24/05/22,10:30,LExit,11,16112.95,Sell,(6215.00),1604150.50
116,24/05/22,10:30,Sell,11,16112.95,Sell,,
,26/05/22,14:00,SExit,11,16156.15,Buy,(23760.00),1580390.50
117,26/05/22,14:00,Buy,11,16156.15,Buy,,
,01/06/22,15:00,LExit,11,16441.05,Sell,156695.00,1737085.50
118,01/06/22,15:00,Sell,11,16441.05,Sell,,
,02/06/22,11:00,SExit,11,16555.33,2NS,(62854.00),1674231.50
119,02/06/22,13:00,Buy,11,16574.66,Buy,,
,06/06/22,10:00,LExit,11,16481.64,Sell,(51161.00),1623070.50
120,06/06/22,10:00,Sell,11,16481.64,Sell,,
,06/06/22,13:30,SExit,11,16596.35,2NS,(63090.50),1559980.00
121,06/06/22,14:30,Buy,10,16613.90,Buy,,
,07/06/22,09:30,LExit,10,16487.00,2NL,(63450.00),1496530.00
122,07/06/22,10:00,Sell,10,16429.94,Sell,,
,08/06/22,11:00,SExit,10,16543.77,2NS,(56915.00),1439615.00
123,09/06/22,09:30,Sell,10,16278.00,Sell,,
,09/06/22,11:30,SExit,10,16394.43,2NS,(58215.00),1381400.00
124,09/06/22,15:30,Buy,10,16474.86,Buy,,
,10/06/22,09:30,LExit,10,16284.40,2NL,(95230.00),1286170.00
125,10/06/22,10:00,Sell,10,16259.95,Sell,,
,21/06/22,10:30,SExit,10,15560.05,Buy,349950.00,1636120.00
126,21/06/22,10:30,Buy,10,15560.05,Buy,,
,22/06/22,10:00,LExit,10,15479.05,Sell,(40500.00),1595620.00
127,22/06/22,10:00,Sell,11,15479.05,Sell,,
,23/06/22,10:30,SExit,11,15588.71,Buy,(60313.00),1535307.00
128,23/06/22,10:30,Buy,11,15588.71,Buy,,
,23/06/22,12:30,LExit,11,15461.01,2NL,(70235.00),1465072.00
129,23/06/22,13:30,Sell,11,15388.15,Sell,,
,23/06/22,14:00,SExit,11,15517.48,2NS,(71131.50),1393940.50
130,24/06/22,09:30,Buy,11,15650.10,Buy,,
,30/06/22,13:00,LExit,11,15725.60,Sell,41525.00,1435465.50
131,30/06/22,13:00,Sell,11,15725.60,Sell,,
,30/06/22,14:30,SExit,11,15837.85,2NS,(61737.50),1373728.00
132,01/07/22,10:00,Sell,11,15649.95,Sell,,
,01/07/22,15:30,SExit,11,15766.02,2NS,(63838.50),1309889.50
133,04/07/22,09:30,Buy,10,15787.30,Buy,,
,04/07/22,10:30,LExit,10,15661.27,2NL,(63015.00),1246874.50
134,04/07/22,14:30,Buy,10,15791.46,Buy,,
,05/07/22,15:30,LExit,10,15782.95,Sell,(4255.00),1242619.50
135,05/07/22,15:30,Sell,10,15782.95,Sell,,
,06/07/22,11:00,SExit,10,15886.49,2NS,(51770.00),1190849.50
136,06/07/22,13:00,Buy,10,15907.10,Buy,,
,12/07/22,13:30,LExit,10,16060.20,Sell,76550.00,1267399.50
137,12/07/22,13:30,Sell,10,16060.20,Sell,,
,13/07/22,10:30,SExit,10,16139.75,Buy,(39775.00),1227624.50
138,13/07/22,10:30,Buy,10,16139.75,Buy,,
,13/07/22,13:00,LExit,10,16052.90,2NL,(43425.00),1184199.50
139,13/07/22,13:30,Sell,10,16009.95,Sell,,
,15/07/22,15:30,SExit,10,16048.05,Buy,(19050.00),1165149.50
140,15/07/22,15:30,Buy,10,16048.05,Buy,,
,26/07/22,15:00,LExit,10,16506.09,Sell,229020.00,1394169.50
141,26/07/22,15:00,Sell,10,16506.09,Sell,,
,27/07/22,13:00,SExit,10,16572.96,Buy,(33435.00),1360734.50
142,27/07/22,13:00,Buy,10,16572.96,Buy,,
,19/08/22,12:30,LExit,10,17792.25,Sell,609645.00,1970379.50
143,19/08/22,12:30,Sell,9,17792.25,Sell,,
,25/08/22,10:00,SExit,9,17713.46,Buy,35455.50,2005835.00
144,25/08/22,10:00,Buy,11,17713.46,Buy,,
,25/08/22,15:00,LExit,11,17584.95,2NL,(70680.50),1935154.50
145,25/08/22,15:30,Sell,11,17574.94,Sell,,
,26/08/22,09:30,SExit,11,17687.61,2NS,(61968.50),1873186.00
146,30/08/22,11:30,Buy,11,17585.06,Buy,,
,01/09/22,14:00,LExit,11,17530.04,Sell,(30261.00),1842925.00
147,01/09/22,14:00,Sell,10,17530.04,Sell,,
,05/09/22,10:00,SExit,10,17657.81,Buy,(63885.00),1779040.00
148,05/09/22,10:00,Buy,10,17657.81,Buy,,
,15/09/22,11:30,LExit,10,17882.00,Sell,112095.00,1891135.00
149,15/09/22,11:30,Sell,10,17882.00,Sell,,
,20/09/22,10:00,SExit,10,17841.81,Buy,20095.00,1911230.00
150,20/09/22,10:00,Buy,10,17841.81,Buy,,
,21/09/22,09:30,LExit,10,17776.35,Sell,(32730.00),1878500.00
151,21/09/22,09:30,Sell,10,17776.35,Sell,,
,30/09/22,14:00,SExit,10,17141.96,Buy,317195.00,2195695.00
152,30/09/22,14:00,Buy,11,17141.96,Buy,,
,03/10/22,09:30,LExit,11,16997.66,2NL,(79365.00),2116330.00
153,03/10/22,10:30,Sell,11,16949.19,Sell,,
,04/10/22,09:30,SExit,11,17140.00,2NS,(104945.50),2011384.50
154,04/10/22,10:00,Buy,11,17234.96,Buy,,
,10/10/22,09:30,LExit,11,17089.63,2NL,(79931.50),1931453.00
155,10/10/22,10:00,Sell,11,17056.00,Sell,,
,10/10/22,12:00,SExit,11,17159.51,2NS,(56930.50),1874522.50
156,11/10/22,11:00,Sell,11,17111.50,Sell,,
,14/10/22,10:00,SExit,11,17293.35,2NS,(100017.50),1774505.00
157,14/10/22,12:30,Buy,11,17331.86,Buy,,
,14/10/22,14:30,LExit,11,17207.78,2NL,(68244.00),1706261.00
158,17/10/22,10:00,Sell,10,17121.00,Sell,,
,17/10/22,10:30,SExit,10,17247.55,2NS,(63275.00),1642986.00
159,17/10/22,13:00,Buy,10,17294.11,Buy,,
,10/11/22,10:00,LExit,10,18109.94,Sell,407915.00,2050901.00
160,10/11/22,10:00,Sell,10,18109.94,Sell,,
,11/11/22,09:30,SExit,10,18332.55,2NS,(111305.00),1939596.00
161,11/11/22,10:00,Buy,10,18387.06,Buy,,
,18/11/22,10:00,LExit,10,18346.04,Sell,(20510.00),1919086.00
162,18/11/22,10:00,Sell,10,18346.04,Sell,,
,23/11/22,09:30,SExit,10,18355.00,Buy,(4480.00),1914606.00
163,23/11/22,09:30,Buy,10,18355.00,Buy,,
,23/11/22,10:30,LExit,10,18286.19,2NL,(34405.00),1880201.00
164,23/11/22,15:30,Buy,10,18339.00,Buy,,
,05/12/22,10:30,LExit,10,18726.34,Sell,193670.00,2073871.00
165,05/12/22,10:30,Sell,10,18726.34,Sell,,
,05/12/22,12:30,SExit,10,18811.01,2NS,(42335.00),2031536.00
166,05/12/22,12:30,Buy,10,18839.86,Buy,,
,05/12/22,14:30,LExit,10,18755.87,2NL,(41995.00),1989541.00
167,07/12/22,11:00,Sell,10,18680.09,Sell,,
,09/12/22,09:30,SExit,10,18771.12,2NS,(45515.00),1944026.00
168,09/12/22,13:00,Sell,10,18653.94,Sell,,
,13/12/22,12:00,SExit,10,18680.06,Buy,(13060.00),1930966.00
169,13/12/22,12:00,Buy,10,18680.06,Buy,,
,15/12/22,10:00,LExit,10,18683.94,Sell,1940.00,1932906.00
170,15/12/22,10:00,Sell,10,18683.94,Sell,,
,27/12/22,15:30,SExit,10,18148.06,Buy,267940.00,2200846.00
171,27/12/22,15:30,Buy,10,18148.06,Buy,,
,29/12/22,09:30,LExit,10,18092.34,Sell,(27860.00),2172986.00
172,29/12/22,09:30,Sell,11,18092.34,Sell,,
,29/12/22,15:30,SExit,11,18159.25,Buy,(36800.50),2136185.50
173,29/12/22,15:30,Buy,11,18159.25,Buy,,
,04/01/23,10:30,LExit,11,18184.94,Sell,14129.50,2150315.00
174,04/01/23,10:30,Sell,11,18184.94,Sell,,
,09/01/23,10:30,SExit,11,18143.96,Buy,22539.00,2172854.00
175,09/01/23,10:30,Buy,11,18143.96,Buy,,
,10/01/23,10:00,LExit,11,18079.64,Sell,(35376.00),2137478.00
176,10/01/23,10:00,Sell,11,18079.64,Sell,,
,13/01/23,13:30,SExit,11,18024.06,Buy,30569.00,2168047.00
177,13/01/23,13:30,Buy,11,18024.06,Buy,,
,16/01/23,12:30,LExit,11,17959.94,Sell,(35266.00),2132781.00
178,16/01/23,12:30,Sell,11,17959.94,Sell,,
,17/01/23,10:00,SExit,11,18023.06,Buy,(34716.00),2098065.00
179,17/01/23,10:00,Buy,11,18023.06,Buy,,
,20/01/23,14:30,LExit,11,18082.64,Sell,32769.00,2130834.00
180,20/01/23,14:30,Sell,11,18082.64,Sell,,
,23/01/23,10:00,SExit,11,18149.81,Buy,(36943.50),2093890.50
181,23/01/23,10:00,Buy,11,18149.81,Buy,,
,25/01/23,09:30,LExit,11,18100.00,Sell,(27395.50),2066495.00
182,25/01/23,09:30,Sell,11,18100.00,Sell,,
,01/02/23,11:30,SExit,11,17925.06,Buy,96217.00,2162712.00
183,01/02/23,11:30,Buy,11,17925.06,Buy,,
,01/02/23,14:00,LExit,11,17767.98,2NL,(86394.00),2076318.00
184,01/02/23,14:30,Sell,11,17758.09,Sell,,
,03/02/23,14:30,SExit,11,17809.56,Buy,(28308.50),2048009.50
185,03/02/23,14:30,Buy,10,17809.56,Buy,,
,07/02/23,13:00,LExit,10,17749.94,Sell,(29810.00),2018199.50
186,07/02/23,13:00,Sell,11,17749.94,Sell,,
,08/02/23,10:00,SExit,11,17854.86,Buy,(57706.00),1960493.50
187,08/02/23,10:00,Buy,11,17854.86,Buy,,
,13/02/23,10:30,LExit,11,17790.00,Sell,(35673.00),1924820.50
188,13/02/23,10:30,Sell,11,17790.00,Sell,,
,14/02/23,10:00,SExit,11,17849.71,Buy,(32840.50),1891980.00
189,14/02/23,10:00,Buy,11,17849.71,Buy,,
,17/02/23,13:30,LExit,11,17945.14,Sell,52486.50,1944466.50
190,17/02/23,13:30,Sell,10,17945.14,Sell,,
,20/02/23,10:30,SExit,10,18010.96,Buy,(32910.00),1911556.50
191,20/02/23,10:30,Buy,10,18010.96,Buy,,
,20/02/23,12:30,LExit,10,17926.84,2NL,(42060.00),1869496.50
192,20/02/23,13:30,Sell,10,17895.04,Sell,,
,03/03/23,10:00,SExit,10,17548.06,Buy,173490.00,2042986.50
193,03/03/23,10:00,Buy,11,17548.06,Buy,,
,09/03/23,15:00,LExit,11,17655.79,Sell,59251.50,2102238.00
194,09/03/23,15:00,Sell,11,17655.79,Sell,,
,21/03/23,10:00,SExit,11,17127.00,Buy,290834.50,2393072.50
195,21/03/23,10:00,Buy,11,17127.00,Buy,,
,23/03/23,10:00,LExit,11,17080.94,Sell,(25333.00),2367739.50
196,23/03/23,10:00,Sell,12,17080.94,Sell,,
,23/03/23,10:30,SExit,12,17174.32,2NS,(56028.00),2311711.50
197,23/03/23,10:30,Buy,12,17203.91,Buy,,
,23/03/23,15:00,LExit,12,17111.15,2NL,(55656.00),2256055.50
198,23/03/23,15:30,Sell,12,17102.09,Sell,,
,27/03/23,15:00,SExit,12,17121.61,Buy,(11712.00),2244343.50
199,27/03/23,15:00,Buy,12,17121.61,Buy,,
,27/03/23,15:30,LExit,12,17013.89,2NL,(64632.00),2179711.50
200,28/03/23,10:30,Sell,12,17000.79,Sell,,
,31/03/23,09:30,SExit,12,17271.00,Buy,(162126.00),2017585.50
201,31/03/23,09:30,Buy,12,17271.00,Buy,,
,17/04/23,10:00,LExit,12,17689.94,Sell,251364.00,2268949.50
202,17/04/23,10:00,Sell,11,17689.94,Sell,,
,17/04/23,12:30,SExit,11,17757.20,2NS,(36993.00),2231956.50
203,17/04/23,15:00,Buy,11,17767.66,Buy,,
,18/04/23,10:30,LExit,11,17699.94,Sell,(37246.00),2194710.50
204,18/04/23,10:30,Sell,11,17699.94,Sell,,
,20/04/23,10:00,SExit,11,17718.00,Buy,(9933.00),2184777.50
205,20/04/23,10:00,Buy,11,17718.00,Buy,,
,20/04/23,10:30,LExit,11,17643.06,2NL,(41217.00),2143560.50
206,20/04/23,13:30,Sell,11,17624.00,Sell,,
,21/04/23,10:00,SExit,11,17689.91,Buy,(36250.50),2107310.00
207,21/04/23,10:00,Buy,11,17689.91,Buy,,
,21/04/23,10:30,LExit,11,17620.13,2NL,(38379.00),2068931.00
208,21/04/23,12:30,Sell,11,17610.89,Sell,,
,24/04/23,09:30,SExit,11,17715.00,2NS,(57260.50),2011670.50
209,24/04/23,13:30,Buy,11,17716.06,Buy,,
,12/05/23,10:00,LExit,11,18249.94,Sell,293634.00,2305304.50
210,12/05/23,10:00,Sell,10,18249.94,Sell,,
,12/05/23,13:00,SExit,10,18320.21,2NS,(35135.00),2270169.50
211,12/05/23,14:30,Buy,11,18359.96,Buy,,
,15/05/23,09:30,LExit,11,18288.67,2NL,(39209.50),2230960.00
212,15/05/23,09:30,Buy,11,18365.06,Buy,,
,17/05/23,09:30,LExit,11,18311.94,Sell,(29216.00),2201744.00
213,17/05/23,09:30,Sell,11,18311.94,Sell,,
,22/05/23,10:00,SExit,11,18279.96,Buy,17589.00,2219333.00
214,22/05/23,10:00,Buy,11,18279.96,Buy,,
,25/05/23,09:30,LExit,11,18265.14,Sell,(8151.00),2211182.00
215,25/05/23,09:30,Sell,11,18265.14,Sell,,
,25/05/23,15:30,SExit,11,18309.00,Buy,(24123.00),2187059.00
216,25/05/23,15:30,Buy,11,18309.00,Buy,,
,06/06/23,12:00,LExit,11,18613.94,Sell,167717.00,2354776.00
217,06/06/23,12:00,Sell,11,18613.94,Sell,,
,06/06/23,15:30,SExit,11,18680.67,2NS,(36701.50),2318074.50
218,07/06/23,09:30,Buy,11,18715.50,Buy,,
,09/06/23,11:00,LExit,11,18674.94,Sell,(22308.00),2295766.50
219,09/06/23,11:00,Sell,11,18674.94,Sell,,
,12/06/23,12:30,SExit,11,18694.16,Buy,(10571.00),2285195.50
220,12/06/23,12:30,Buy,11,18694.16,Buy,,
,20/06/23,10:00,LExit,11,18736.19,Sell,23116.50,2308312.00
221,20/06/23,10:00,Sell,11,18736.19,Sell,,
,20/06/23,13:00,SExit,11,18804.69,2NS,(37675.00),2270637.00
222,20/06/23,15:00,Buy,11,18835.06,Buy,,
,22/06/23,13:30,LExit,11,18816.34,Sell,(10296.00),2260341.00
223,22/06/23,13:30,Sell,11,18816.34,Sell,,
,22/06/23,14:00,SExit,11,18887.47,2NS,(39121.50),2221219.50
224,23/06/23,09:30,Sell,11,18789.00,Sell,,
,27/06/23,15:30,SExit,11,18801.06,Buy,(6633.00),2214586.50
225,27/06/23,15:30,Buy,11,18801.06,Buy,,
,10/07/23,12:30,LExit,11,19380.04,Sell,318439.00,2533025.50
226,10/07/23,12:30,Sell,10,19380.04,Sell,,
,11/07/23,09:30,SExit,10,19460.68,2NS,(40320.00),2492705.50
227,11/07/23,09:30,Buy,11,19477.66,Buy,,
,13/07/23,15:30,LExit,11,19461.44,Sell,(8921.00),2483784.50
228,13/07/23,15:30,Sell,11,19461.44,Sell,,
,14/07/23,09:30,SExit,11,19534.29,2NS,(40067.50),2443717.00
229,14/07/23,14:30,Buy,11,19557.56,Buy,,
,21/07/23,15:30,LExit,11,19736.94,Sell,98659.00,2542376.00
230,21/07/23,15:30,Sell,10,19736.94,Sell,,
,26/07/23,10:00,SExit,10,19764.71,Buy,(13885.00),2528491.00
231,26/07/23,10:00,Buy,11,19764.71,Buy,,
,27/07/23,12:00,LExit,11,19726.19,Sell,(21186.00),2507305.00
232,27/07/23,12:00,Sell,11,19726.19,Sell,,
,28/07/23,15:30,SExit,11,19765.06,Buy,(21378.50),2485926.50
233,28/07/23,15:30,Buy,11,19765.06,Buy,,
,02/08/23,10:00,LExit,11,19699.94,Sell,(35816.00),2450110.50
234,02/08/23,10:00,Sell,11,19699.94,Sell,,
,07/08/23,11:00,SExit,11,19644.75,Buy,30354.50,2480465.00
235,07/08/23,11:00,Buy,11,19644.75,Buy,,
,08/08/23,12:00,LExit,11,19590.25,Sell,(29975.00),2450490.00
236,08/08/23,12:00,Sell,11,19590.25,Sell,,
,09/08/23,15:00,SExit,11,19672.75,2NS,(45375.00),2405115.00
237,09/08/23,15:30,Buy,10,19675.41,Buy,,
,10/08/23,09:30,LExit,10,19608.80,2NL,(33305.00),2371810.00
238,11/08/23,09:30,Sell,10,19534.94,Sell,,
,21/08/23,14:30,SExit,10,19415.91,Buy,59515.00,2431325.00
239,21/08/23,14:30,Buy,11,19415.91,Buy,,
,22/08/23,15:00,LExit,11,19381.04,Sell,(19178.50),2412146.50
240,22/08/23,15:00,Sell,11,19381.04,Sell,,
,23/08/23,12:30,SExit,11,19424.96,Buy,(24156.00),2387990.50
241,23/08/23,12:30,Buy,11,19424.96,Buy,,
,24/08/23,15:30,LExit,11,19408.75,Sell,(8915.50),2379075.00
242,24/08/23,15:30,Sell,11,19408.75,Sell,,
,30/08/23,10:00,SExit,11,19431.56,Buy,(12545.50),2366529.50
243,30/08/23,10:00,Buy,11,19431.56,Buy,,
,30/08/23,15:00,LExit,11,19365.55,2NL,(36305.50),2330224.00
244,30/08/23,15:30,Sell,10,19351.04,Sell,,
,01/09/23,10:00,SExit,10,19408.24,2NS,(28600.00),2301624.00
245,01/09/23,10:00,Buy,10,19414.96,Buy,,
,20/09/23,10:00,LExit,10,20049.94,Sell,317490.00,2619114.00
246,20/09/23,10:00,Sell,10,20049.94,Sell,,
,29/09/23,12:00,SExit,10,19709.06,Buy,170440.00,2789554.00
247,29/09/23,12:00,Buy,11,19709.06,Buy,,
,03/10/23,09:30,LExit,11,19619.16,2NL,(49445.00),2740109.00
248,03/10/23,10:00,Sell,11,19584.94,Sell,,
,05/10/23,11:30,SExit,11,19606.81,Buy,(12028.50),2728080.50
249,05/10/23,11:30,Buy,11,19606.81,Buy,,
,13/10/23,11:00,LExit,11,19689.94,Sell,45721.50,2773802.00
250,13/10/23,11:00,Sell,11,19689.94,Sell,,
,13/10/23,13:30,SExit,11,19752.07,2NS,(34171.50),2739630.50
251,13/10/23,14:30,Buy,11,19768.86,Buy,,
,16/10/23,09:30,LExit,11,19705.99,2NL,(34578.50),2705052.00
252,17/10/23,10:00,Buy,11,19835.06,Buy,,
,17/10/23,14:30,LExit,11,19765.27,2NL,(38384.50),2666667.50
253,18/10/23,11:30,Sell,11,19764.39,Sell,,
,30/10/23,13:30,SExit,11,19214.75,Buy,302302.00,2968969.50
254,30/10/23,13:30,Buy,11,19214.75,Buy,,
,31/10/23,10:30,LExit,11,19158.75,Sell,(30800.00),2938169.50
255,31/10/23,10:30,Sell,12,19158.75,Sell,,
,31/10/23,15:00,SExit,12,19225.00,Buy,(39750.00),2898419.50
256,31/10/23,15:00,Buy,12,19225.00,Buy,,
,31/10/23,15:30,LExit,12,19132.42,2NL,(55548.00),2842871.50
257,01/11/23,09:30,Sell,12,19119.94,Sell,,
,02/11/23,09:30,SExit,12,19211.89,2NS,(55170.00),2787701.50
258,02/11/23,15:30,Buy,12,19232.91,Buy,,
,24/11/23,10:30,LExit,12,19808.94,Sell,345618.00,3133319.50
259,24/11/23,10:30,Sell,11,19808.94,Sell,,
,28/11/23,09:30,SExit,11,19889.95,Buy,(44555.50),3088764.00
260,28/11/23,09:30,Buy,12,19889.95,Buy,,
,28/11/23,10:30,LExit,12,19831.02,2NL,(35358.00),3053406.00
261,28/11/23,14:30,Buy,12,19890.16,Buy,,
,13/12/23,10:30,LExit,12,20955.94,Sell,639468.00,3692874.00
262,13/12/23,10:30,Sell,11,20955.94,Sell,,
,13/12/23,15:30,SExit,11,21020.06,Buy,(35266.00),3657608.00
263,13/12/23,15:30,Buy,12,21020.06,Buy,,
,20/12/23,15:00,LExit,12,21342.39,Sell,193398.00,3851006.00
264,20/12/23,15:00,Sell,12,21342.39,Sell,,
,22/12/23,09:30,SExit,12,21401.55,Buy,(35496.00),3815510.00
265,22/12/23,09:30,Buy,12,21401.55,Buy,,
,02/01/24,11:00,LExit,12,21722.60,Sell,192630.00,4008140.00
266,02/01/24,11:00,Sell,12,21722.60,Sell,,
,04/01/24,11:30,SExit,12,21754.91,Buy,(19386.00),3988754.00
267,04/01/24,11:30,Buy,12,21754.91,Buy,,
,08/01/24,11:30,LExit,12,21676.94,Sell,(46782.00),3941972.00
268,08/01/24,11:30,Sell,12,21676.94,Sell,,
,09/01/24,10:30,SExit,12,21762.60,2NS,(51396.00),3890576.00
269,09/01/24,11:00,Buy,12,21764.75,Buy,,
,09/01/24,14:30,LExit,12,21652.88,2NL,(67122.00),3823454.00
270,09/01/24,15:00,Sell,12,21631.29,Sell,,
,10/01/24,15:30,SExit,12,21697.06,Buy,(39462.00),3783992.00
271,10/01/24,15:30,Buy,12,21697.06,Buy,,
,17/01/24,12:00,LExit,12,21711.04,Sell,8388.00,3792380.00
272,17/01/24,12:00,Sell,12,21711.04,Sell,,
,29/01/24,10:00,SExit,12,21709.06,Buy,1188.00,3793568.00
273,29/01/24,10:00,Buy,12,21709.06,Buy,,
,31/01/24,09:30,LExit,12,21606.94,Sell,(61272.00),3732296.00
274,31/01/24,09:30,Sell,12,21606.94,Sell,,
,31/01/24,11:00,SExit,12,21744.01,2NS,(82242.00),3650054.00
275,31/01/24,12:00,Buy,12,21818.16,Buy,,
,08/02/24,11:30,LExit,12,21911.14,Sell,55788.00,3705842.00
276,08/02/24,11:30,Sell,12,21911.14,Sell,,
,14/02/24,15:00,SExit,12,21830.06,Buy,48648.00,3754490.00
277,14/02/24,15:00,Buy,12,21830.06,Buy,,
,22/02/24,10:00,LExit,12,22022.79,Sell,115638.00,3870128.00
278,22/02/24,10:00,Sell,12,22022.79,Sell,,
,22/02/24,14:00,SExit,12,22132.71,2NS,(65952.00),3804176.00
279,22/02/24,14:30,Buy,12,22157.46,Buy,,
,26/02/24,10:30,LExit,12,22137.20,Sell,(12156.00),3792020.00
280,26/02/24,10:30,Sell,12,22137.20,Sell,,
,27/02/24,13:30,SExit,12,22216.06,Buy,(47316.00),3744704.00
281,27/02/24,13:30,Buy,12,22216.06,Buy,,
,28/02/24,11:00,LExit,12,22111.75,2NL,(62586.00),3682118.00
282,28/02/24,11:30,Sell,12,22055.69,Sell,,
,01/03/24,10:00,SExit,12,22245.70,2NS,(114006.00),3568112.00
283,01/03/24,10:00,Buy,12,22254.96,Buy,,
,13/03/24,10:00,LExit,12,22416.89,Sell,97158.00,3665270.00
284,13/03/24,10:00,Sell,11,22416.89,Sell,,
,21/03/24,10:00,SExit,11,22085.06,Buy,182506.50,3847776.50
285,21/03/24,10:00,Buy,12,22085.06,Buy,,
,22/03/24,09:30,LExit,12,21968.21,2NL,(70110.00),3777666.50
286,22/03/24,10:00,Sell,12,21960.00,Sell,,
,22/03/24,10:30,SExit,12,22073.51,2NS,(68106.00),3709560.50
287,22/03/24,11:00,Buy,12,22145.71,Buy,,
,26/03/24,09:30,LExit,12,22026.25,2NL,(71676.00),3637884.50
288,27/03/24,10:00,Buy,11,22150.06,Buy,,
,12/04/24,13:00,LExit,11,22662.34,Sell,281754.00,3919638.50
289,12/04/24,13:00,Sell,11,22662.34,Sell,,
,22/04/24,11:30,SExit,11,22272.21,Buy,214571.50,4134210.00
290,22/04/24,11:30,Buy,12,22272.21,Buy,,
,03/05/24,12:00,LExit,12,22665.94,Sell,236238.00,4370448.00
291,03/05/24,12:00,Sell,12,22665.94,Sell,,
,14/05/24,12:30,SExit,12,22274.96,Buy,234588.00,4605036.00
292,14/05/24,12:30,Buy,13,22274.96,Buy,,
,15/05/24,11:00,LExit,13,22221.19,Sell,(34950.50),4570085.50
293,15/05/24,11:00,Sell,13,22221.19,Sell,,
,16/05/24,09:30,SExit,13,22384.10,Buy,(105891.50),4464194.00
294,16/05/24,09:30,Buy,13,22384.10,Buy,,
,16/05/24,11:00,LExit,13,22265.94,2NL,(76804.00),4387390.00
295,16/05/24,13:30,Sell,13,22202.94,Sell,,
,16/05/24,15:00,SExit,13,22330.24,2NS,(82745.00),4304645.00
296,16/05/24,15:30,Buy,13,22413.50,Buy,,
,29/05/24,10:00,LExit,13,22820.94,Sell,264836.00,4569481.00
297,29/05/24,10:00,Sell,12,22820.94,Sell,,
,31/05/24,14:30,SExit,12,22760.06,Buy,36528.00,4606009.00
298,31/05/24,14:30,Buy,13,22760.06,Buy,,
,04/06/24,10:00,LExit,13,22601.00,2NL,(103389.00),4502620.00
299,04/06/24,10:00,Sell,12,22601.00,Sell,,
,04/06/24,10:30,SExit,12,22873.95,2NS,(163770.00),4338850.00
300,04/06/24,11:00,Sell,11,22489.19,Sell,,
,05/06/24,15:30,SExit,11,22665.06,Buy,(96728.50),4242121.50
301,05/06/24,15:30,Buy,4,22665.06,Buy,,
,21/06/24,13:30,LExit,4,23456.64,Sell,158316.00,4400437.50
302,21/06/24,13:30,Sell,12,23456.64,Sell,,
,21/06/24,14:30,SExit,12,23566.03,2NS,(65634.00),4334803.50
303,21/06/24,15:00,Sell,12,23435.94,Sell,,
,24/06/24,11:30,SExit,12,23546.22,2NS,(66168.00),4268635.50
304,25/06/24,09:30,Buy,12,23568.05,Buy,,
,10/07/24,11:00,LExit,12,24293.94,Sell,435534.00,4704169.50
305,10/07/24,11:00,Sell,11,24293.94,Sell,,
,11/07/24,09:30,SExit,11,24385.00,Buy,(50083.00),4654086.50
306,11/07/24,09:30,Buy,12,24385.00,Buy,,
,11/07/24,10:30,LExit,12,24295.76,2NL,(53544.00),4600542.50
307,11/07/24,12:30,Sell,12,24248.34,Sell,,
,11/07/24,14:00,SExit,12,24348.22,2NS,(59928.00),4540614.50
308,11/07/24,15:30,Buy,12,24397.71,Buy,,
,19/07/24,15:00,LExit,12,24531.94,Sell,80538.00,4621152.50
309,19/07/24,15:00,Sell,12,24531.94,Sell,,
,26/07/24,10:00,SExit,12,24525.06,Buy,4128.00,4625280.50
310,26/07/24,10:00,Buy,12,24525.06,Buy,,
,02/08/24,10:00,LExit,12,24792.94,Sell,160728.00,4786008.50
311,02/08/24,10:00,Sell,12,24792.94,Sell,,
,09/08/24,10:00,SExit,12,24438.06,Buy,212928.00,4998936.50
312,09/08/24,10:00,Buy,12,24438.06,Buy,,
,12/08/24,10:00,LExit,12,24314.94,Sell,(73872.00),4925064.50
313,12/08/24,10:00,Sell,13,24314.94,Sell,,
,12/08/24,11:30,SExit,13,24475.06,Buy,(104078.00),4820986.50
314,12/08/24,11:30,Buy,12,24475.06,Buy,,
,12/08/24,15:30,LExit,12,24314.51,2NL,(96330.00),4724656.50
315,13/08/24,12:30,Sell,12,24311.75,Sell,,
,16/08/24,12:30,SExit,12,24435.06,Buy,(73986.00),4650670.50
316,16/08/24,12:30,Buy,12,24435.06,Buy,,
,06/09/24,09:30,LExit,12,25189.80,Sell,452844.00,5103514.50
317,06/09/24,09:30,Sell,12,25189.80,Sell,,
,10/09/24,13:00,SExit,12,25080.00,Buy,65880.00,5169394.50
318,10/09/24,13:00,Buy,12,25080.00,Buy,,
,11/09/24,14:30,LExit,12,25010.14,Sell,(41916.00),5127478.50
319,11/09/24,14:30,Sell,12,25010.14,Sell,,
,12/09/24,14:30,SExit,12,25115.41,Buy,(63162.00),5064316.50
320,12/09/24,14:30,Buy,12,25115.41,Buy,,
,30/09/24,12:00,LExit,12,26054.94,Sell,563718.00,5628034.50
321,30/09/24,12:00,Sell,12,26054.94,Sell,,
,14/10/24,10:30,SExit,12,25231.06,Buy,494328.00,6122362.50
322,14/10/24,10:30,Buy,13,25231.06,Buy,,
,15/10/24,10:30,LExit,13,25159.94,Sell,(46228.00),6076134.50
323,15/10/24,10:30,Sell,14,25159.94,Sell,,
,29/10/24,15:00,SExit,14,24471.00,Buy,482258.00,6558392.50
324,29/10/24,15:00,Buy,14,24471.00,Buy,,
,30/10/24,14:30,LExit,14,24360.94,Sell,(77042.00),6481350.50
325,30/10/24,14:30,Sell,15,24360.94,Sell,,
,05/11/24,14:30,SExit,15,24230.06,Buy,98160.00,6579510.50
326,05/11/24,14:30,Buy,15,24230.06,Buy,,
,07/11/24,11:00,LExit,15,24290.94,Sell,45660.00,6625170.50
327,07/11/24,11:00,Sell,15,24290.94,Sell,,
,11/11/24,11:00,SExit,15,24311.06,Buy,(15090.00),6610080.50
328,11/11/24,11:00,Buy,15,24311.06,Buy,,
,11/11/24,14:30,LExit,15,24182.32,2NL,(96555.00),6513525.50
329,12/11/24,13:00,Sell,15,24149.94,Sell,,
,19/11/24,11:00,SExit,15,23806.81,Buy,257347.50,6770873.00
330,19/11/24,11:00,Buy,15,23806.81,Buy,,
,19/11/24,15:00,LExit,15,23693.29,Sell,(85140.00),6685733.00
331,19/11/24,15:00,Sell,16,23693.29,Sell,,
,22/11/24,13:00,SExit,16,23695.06,Buy,(1416.00),6684317.00
332,22/11/24,13:00,Buy,16,23695.06,Buy,,
,28/11/24,13:00,LExit,16,24023.09,Sell,262424.00,6946741.00
333,28/11/24,13:00,Sell,15,24023.09,Sell,,
,29/11/24,09:30,SExit,15,24160.38,2NS,(102967.50),6843773.50
334,29/11/24,10:00,Buy,16,24190.06,Buy,,
,10/12/24,14:00,LExit,16,24609.94,Sell,335904.00,7179677.50
335,10/12/24,14:00,Sell,15,24609.94,Sell,,
,11/12/24,10:00,SExit,15,24724.90,2NS,(86220.00),7093457.50
336,11/12/24,10:30,Buy,16,24746.66,Buy,,
,12/12/24,12:30,LExit,16,24640.09,2NL,(85256.00),7008201.50
337,12/12/24,13:30,Sell,16,24633.59,Sell,,
,13/12/24,13:00,SExit,16,24675.06,Buy,(33176.00),6975025.50
338,13/12/24,13:00,Buy,16,24675.06,Buy,,
,17/12/24,10:00,LExit,16,24639.94,Sell,(28096.00),6946929.50
339,17/12/24,10:00,Sell,16,24639.94,Sell,,
,27/12/24,10:00,SExit,16,24014.96,Buy,499984.00,7446913.50
340,27/12/24,10:00,Buy,16,24014.96,Buy,,
,30/12/24,09:30,LExit,16,23903.33,2NL,(89304.00),7357609.50
341,30/12/24,10:00,Sell,17,23892.50,Sell,,
,30/12/24,11:00,SExit,17,24006.60,2NS,(96985.00),7260624.50
342,30/12/24,12:00,Buy,17,24050.71,Buy,,
,30/12/24,13:00,LExit,17,23931.72,2NL,(101141.50),7159483.00
343,30/12/24,14:00,Sell,16,23857.44,Sell,,
,01/01/25,11:30,SExit,16,23904.96,Buy,(38016.00),7121467.00
344,01/01/25,11:30,Buy,16,23904.96,Buy,,
,06/01/25,11:30,LExit,16,23904.94,Sell,(16.00),7121451.00
345,06/01/25,11:30,Sell,16,23904.94,Sell,,
,16/01/25,10:00,SExit,16,23409.91,Buy,396024.00,7517475.00
346,16/01/25,10:00,Buy,17,23409.91,Buy,,
,17/01/25,09:30,LExit,17,23301.62,2NL,(92046.50),7425428.50
347,17/01/25,11:00,Sell,17,23236.54,Sell,,
,17/01/25,12:30,SExit,17,23335.67,2NS,(84260.50),7341168.00
348,20/01/25,12:00,Buy,17,23390.06,Buy,,
,21/01/25,10:30,LExit,17,23316.94,Sell,(62152.00),7279016.00
349,21/01/25,10:30,Sell,17,23316.94,Sell,,
,23/01/25,11:00,SExit,17,23292.31,Buy,20935.50,7299951.50
350,23/01/25,11:00,Buy,17,23292.31,Buy,,
,24/01/25,10:30,LExit,17,23155.09,Sell,(116637.00),7183314.50
351,24/01/25,10:30,Sell,17,23155.09,Sell,,
,24/01/25,11:30,SExit,17,23283.85,2NS,(109446.00),7073868.50
352,24/01/25,12:00,Buy,17,23330.81,Buy,,
,24/01/25,13:30,LExit,17,23205.04,2NL,(106904.50),6966964.00
353,24/01/25,15:00,Sell,17,23113.54,Sell,,
,28/01/25,15:00,SExit,17,23150.06,Buy,(31042.00),6935922.00
354,28/01/25,15:00,Buy,17,23150.06,Buy,,
,28/01/25,15:30,LExit,17,22992.70,2NL,(133756.00),6802166.00
355,29/01/25,12:30,Buy,16,23158.50,Buy,,
,07/02/25,14:30,LExit,16,23564.94,Sell,325152.00,7127318.00
356,07/02/25,14:30,Sell,16,23564.94,Sell,,
,19/02/25,11:00,SExit,16,23099.06,Buy,372704.00,7500022.00
357,19/02/25,11:00,Buy,17,23099.06,Buy,,
,19/02/25,14:30,LExit,17,22936.83,2NL,(137895.50),7362126.50
358,20/02/25,09:30,Sell,17,22895.00,Sell,,
,05/03/25,11:30,SExit,17,22389.11,Buy,430006.50,7792133.00
359,05/03/25,11:30,Buy,18,22389.11,Buy,,
,10/03/25,15:00,LExit,18,22510.50,Sell,109251.00,7901384.00
360,10/03/25,15:00,Sell,18,22510.50,Sell,,
,11/03/25,14:30,SExit,18,22573.06,Buy,(56304.00),7845080.00
361,11/03/25,14:30,Buy,19,22573.06,Buy,,
,12/03/25,10:30,LExit,19,22480.79,Sell,(87656.50),7757423.50
362,12/03/25,10:30,Sell,19,22480.79,Sell,,
,12/03/25,15:30,SExit,19,22540.36,Buy,(56591.50),7700832.00
363,12/03/25,15:30,Buy,19,22540.36,Buy,,
,13/03/25,14:30,LExit,19,22451.94,Sell,(83999.00),7616833.00
364,13/03/25,14:30,Sell,18,22451.94,Sell,,
,17/03/25,09:30,SExit,18,22568.02,2NS,(104472.00),7512361.00
365,17/03/25,10:00,Buy,18,22631.06,Buy,,
,17/03/25,13:00,LExit,18,22517.58,2NL,(102132.00),7410229.00
366,18/03/25,09:30,Buy,18,22705.00,Buy,,
,01/04/25,11:00,LExit,18,23450.94,Sell,671346.00,8081575.00
367,01/04/25,11:00,Sell,17,23450.94,Sell,,
,11/04/25,10:00,SExit,17,22900.06,Buy,468248.00,8549823.00
368,11/04/25,10:00,Buy,18,22900.06,Buy,,
,25/04/25,12:00,LExit,18,24004.94,Sell,994392.00,9544215.00
369,25/04/25,12:00,Sell,18,24004.94,Sell,,
,25/04/25,13:00,SExit,18,24120.15,2NS,(103689.00),9440526.00
370,28/04/25,10:00,Buy,20,24279.46,Buy,,
,02/05/25,13:00,LExit,20,24310.14,Sell,30680.00,9471206.00
371,02/05/25,13:00,Sell,20,24310.14,Sell,,
,02/05/25,13:30,SExit,20,24427.15,2NS,(117010.00),9354196.00
372,05/05/25,10:00,Buy,20,24555.16,Buy,,
,06/05/25,15:30,LExit,20,24434.04,Sell,(121120.00),9233076.00
373,06/05/25,15:30,Sell,20,24434.04,Sell,,
,07/05/25,10:00,SExit,20,24510.06,Buy,(76020.00),9157056.00
374,07/05/25,10:00,Buy,19,24510.06,Buy,,
,07/05/25,10:30,LExit,19,24393.92,2NL,(110333.00),9046723.00
375,08/05/25,09:30,Buy,19,24510.06,Buy,,
,08/05/25,14:00,LExit,19,24422.04,Sell,(83619.00),8963104.00
376,08/05/25,14:00,Sell,19,24422.04,Sell,,
,12/05/25,10:00,SExit,19,24664.80,2NS,(230622.00),8732482.00
377,12/05/25,10:00,Buy,19,24671.06,Buy,,
,20/05/25,13:30,LExit,19,24854.94,Sell,174686.00,8907168.00
378,20/05/25,13:30,Sell,18,24854.94,Sell,,
,21/05/25,10:30,SExit,18,24966.15,2NS,(100089.00),8807079.00
379,21/05/25,11:00,Buy,18,24985.06,Buy,,
,21/05/25,12:00,LExit,18,24869.69,2NL,(103833.00),8703246.00
380,22/05/25,09:30,Sell,18,24722.54,Sell,,
,23/05/25,10:30,SExit,18,24844.96,Buy,(110178.00),8593068.00
381,23/05/25,10:30,Buy,18,24844.96,Buy,,
,27/05/25,10:00,LExit,18,24807.94,Sell,(33318.00),8559750.00
382,27/05/25,10:00,Sell,18,24807.94,Sell,,
,27/05/25,11:30,SExit,18,24961.40,2NS,(138114.00),8421636.00
383,27/05/25,12:00,Buy,18,25054.96,Buy,,
,27/05/25,12:30,LExit,18,24896.58,2NL,(142542.00),8279094.00
384,27/05/25,14:30,Sell,17,24761.04,Sell,,
,30/05/25,09:30,SExit,17,24940.20,Buy,(152286.00),8126808.00
385,30/05/25,09:30,Buy,18,24940.20,Buy,,
,02/06/25,09:30,LExit,18,24799.00,2NL,(127080.00),7999728.00
386,02/06/25,10:00,Sell,17,24624.94,Sell,,
,02/06/25,11:00,SExit,17,24748.09,2NS,(104677.50),7895050.50
387,02/06/25,15:30,Buy,17,24862.06,Buy,,
,03/06/25,10:00,LExit,17,24739.06,2NL,(104550.00),7790500.50
388,03/06/25,10:00,Sell,17,24715.94,Sell,,
,03/06/25,10:30,SExit,17,24841.74,2NS,(106930.00),7683570.50
389,03/06/25,11:30,Sell,17,24715.14,Sell,,
,05/06/25,10:00,SExit,17,24820.06,Buy,(89182.00),7594388.50
390,05/06/25,10:00,Buy,17,24820.06,Buy,,
,06/06/25,10:30,LExit,17,24761.94,Sell,(49402.00),7544986.50
391,06/06/25,10:30,Sell,16,24761.94,Sell,,
,06/06/25,11:00,SExit,16,24919.00,2NS,(125648.00),7419338.50
392,06/06/25,11:00,Buy,16,25008.86,Buy,,
,12/06/25,12:30,LExit,16,25097.34,Sell,70784.00,7490122.50
393,12/06/25,12:30,Sell,16,25097.34,Sell,,
,16/06/25,14:00,SExit,16,25013.06,Buy,67424.00,7557546.50
394,16/06/25,14:00,Buy,16,25013.06,Buy,,
,17/06/25,10:00,LExit,16,24899.94,Sell,(90496.00),7467050.50
395,17/06/25,10:00,Sell,16,24899.94,Sell,,
,20/06/25,10:30,SExit,16,24924.06,Buy,(19296.00),7447754.50
396,20/06/25,10:30,Buy,16,24924.06,Buy,,
,23/06/25,10:00,LExit,16,24889.94,Sell,(27296.00),7420458.50
397,23/06/25,10:00,Sell,16,24889.94,Sell,,
,23/06/25,13:30,SExit,16,25000.06,2NS,(88096.00),7332362.50
398,23/06/25,14:30,Buy,16,25062.06,Buy,,
,02/07/25,14:00,LExit,16,25502.50,Sell,352352.00,7684714.50
399,02/07/25,14:00,Sell,16,25502.50,Sell,,
,03/07/25,09:30,SExit,16,25575.99,2NS,(58792.00),7625922.50
400,03/07/25,10:30,Buy,16,25640.06,Buy,,
,03/07/25,14:30,LExit,16,25564.80,2NL,(60208.00),7565714.50
401,03/07/25,15:00,Sell,16,25517.84,Sell,,
,08/07/25,10:00,SExit,16,25570.06,Buy,(41776.00),7523938.50
402,08/07/25,10:00,Buy,16,25570.06,Buy,,
,10/07/25,09:30,LExit,16,25522.75,Sell,(37848.00),7486090.50
403,10/07/25,09:30,Sell,16,25522.75,Sell,,
,23/07/25,11:30,SExit,16,25174.96,Buy,278232.00,7764322.50
404,23/07/25,11:30,Buy,16,25174.96,Buy,,
,24/07/25,12:00,LExit,16,25133.64,Sell,(33056.00),7731266.50
405,24/07/25,12:00,Sell,17,25133.64,Sell,,
,31/07/25,13:30,SExit,17,24920.06,Buy,181543.00,7912809.50
406,31/07/25,13:30,Buy,17,24920.06,Buy,,
,31/07/25,15:30,LExit,17,24804.20,2NL,(98481.00),7814328.50
407,01/08/25,12:00,Sell,17,24743.04,Sell,,
,11/08/25,15:00,SExit,17,24604.86,Buy,117453.00,7931781.50
408,11/08/25,15:00,Buy,17,24604.86,Buy,,
,12/08/25,15:30,LExit,17,24554.94,Sell,(42432.00),7889349.50
409,12/08/25,15:30,Sell,17,24554.94,Sell,,
,13/08/25,09:30,SExit,17,24666.07,2NS,(94460.50),7794889.00
410,13/08/25,13:00,Buy,17,24693.86,Buy,,
,22/08/25,10:30,LExit,17,24960.25,Sell,226431.50,8021320.50
411,22/08/25,10:30,Sell,17,24960.25,Sell,,
,25/08/25,12:30,SExit,17,24998.75,Buy,(32725.00),7988595.50
412,25/08/25,12:30,Buy,17,24998.75,Buy,,
,26/08/25,09:30,LExit,17,24903.00,2NL,(81387.50),7907208.00
413,26/08/25,10:00,Sell,17,24794.75,Sell,,
,02/09/25,09:30,SExit,17,24760.06,Buy,29486.50,7936694.50
414,02/09/25,09:30,Buy,17,24760.06,Buy,,
,02/09/25,14:30,LExit,17,24705.00,Sell,(46801.00),7889893.50
415,02/09/25,14:30,Sell,17,24705.00,Sell,,
,03/09/25,14:30,SExit,17,24767.75,Buy,(53337.50),7836556.00
416,03/09/25,14:30,Buy,17,24767.75,Buy,,
,22/09/25,15:00,LExit,17,25319.94,Sell,469361.50,8305917.50
417,22/09/25,15:00,Sell,17,25319.94,Sell,,
,01/10/25,12:00,SExit,17,24865.06,Buy,386648.00,8692565.50
418,01/10/25,12:00,Buy,18,24865.06,Buy,,
,14/10/25,12:30,LExit,18,25180.94,Sell,284292.00,8976857.50
419,14/10/25,12:30,Sell,18,25180.94,Sell,,
,15/10/25,09:30,SExit,18,25274.02,2NS,(83772.00),8893085.50
420,15/10/25,10:00,Buy,18,25358.06,Buy,,
,24/10/25,14:00,LExit,18,25789.94,Sell,388692.00,9281777.50
421,24/10/25,14:00,Sell,18,25789.94,Sell,,
,27/10/25,09:30,SExit,18,25920.45,2NS,(117459.00),9164318.50
422,27/10/25,10:00,Buy,18,25955.75,Buy,,
,28/10/25,11:30,LExit,18,25862.84,Sell,(83619.00),9080699.50
423,28/10/25,11:30,Sell,18,25862.84,Sell,,
,29/10/25,09:30,SExit,18,26125.00,Buy,(235944.00),8844755.50
424,29/10/25,09:30,Buy,18,26125.00,Buy,,
,31/10/25,09:30,LExit,18,25997.88,2NL,(114408.00),8730347.50
425,31/10/25,11:00,Sell,17,25966.64,Sell,,
,11/11/25,14:00,SExit,17,25742.75,Buy,190306.50,8920654.00
426,11/11/25,14:00,Buy,18,25742.75,Buy,,
,14/11/25,11:00,LExit,18,25839.94,Sell,87471.00,9008125.00
427,14/11/25,11:00,Sell,18,25839.94,Sell,,
,14/11/25,11:30,SExit,18,25947.50,2NS,(96804.00),8911321.00
428,17/11/25,09:30,Buy,18,26006.00,Buy,,
,18/11/25,10:30,LExit,18,25920.00,Sell,(77400.00),8833921.00
429,18/11/25,10:30,Sell,18,25920.00,Sell,,
,18/11/25,14:30,SExit,18,26034.69,2NS,(103221.00),8730700.00
430,18/11/25,14:30,Buy,18,26038.86,Buy,,
,18/11/25,15:30,LExit,18,25936.50,2NL,(92124.00),8638576.00
431,19/11/25,09:30,Sell,17,25911.14,Sell,,
,19/11/25,12:30,SExit,17,26009.83,2NS,(83886.50),8554689.50
432,19/11/25,12:30,Buy,17,26042.06,Buy,,
,24/11/25,15:00,LExit,17,26031.14,Sell,(9282.00),8545407.50
433,24/11/25,15:00,Sell,17,26031.14,Sell,,
,26/11/25,10:00,SExit,17,26176.20,2NS,(123301.00),8422106.50
434,26/11/25,10:00,Buy,17,26176.20,Buy,,
,02/12/25,10:00,LExit,17,26265.14,Sell,75599.00,8497705.50
435,02/12/25,10:00,Sell,17,26265.14,Sell,,
,04/12/25,11:00,SExit,17,26224.06,Buy,34918.00,8532623.50
436,04/12/25,11:00,Buy,17,26224.06,Buy,,
,04/12/25,13:00,LExit,17,26137.09,2NL,(73924.50),8458699.00
437,05/12/25,11:30,Buy,17,26286.56,Buy,,
,08/12/25,11:30,LExit,17,26212.64,Sell,(62832.00),8395867.00
438,08/12/25,11:30,Sell,17,26212.64,Sell,,
,12/12/25,10:00,SExit,17,26120.06,Buy,78693.00,8474560.00
439,12/12/25,10:00,Buy,17,26120.06,Buy,,
,15/12/25,10:00,LExit,17,26002.25,Sell,(100138.50),8374421.50
440,15/12/25,10:00,Sell,17,26002.25,Sell,,
,15/12/25,12:30,SExit,17,26115.52,2NS,(96279.50),8278142.00
441,15/12/25,15:00,Buy,17,26128.75,Buy,,
,16/12/25,09:30,LExit,17,26026.67,2NL,(86768.00),8191374.00
442,16/12/25,10:00,Sell,17,26002.00,Sell,,
,19/12/25,10:00,SExit,17,26010.00,Buy,(6800.00),8184574.00
443,19/12/25,10:00,Buy,17,26010.00,Buy,,
,26/12/25,10:00,LExit,17,26101.34,Sell,77639.00,8262213.00
444,26/12/25,10:00,Sell,17,26101.34,Sell,,
,31/12/25,10:00,SExit,17,26177.00,2NS,(64311.00),8197902.00
445,31/12/25,10:00,Buy,17,26182.96,Buy,,
,06/01/26,14:30,LExit,17,26269.94,Sell,73933.00,8271835.00
446,06/01/26,14:30,Sell,16,26269.94,Sell,,
,16/01/26,11:00,SExit,16,25952.96,Buy,253584.00,8525419.00
447,16/01/26,11:00,Buy,17,25952.96,Buy,,
,16/01/26,13:00,LExit,17,25808.23,2NL,(123020.50),8402398.50
448,19/01/26,09:30,Sell,17,25700.10,Sell,,
,29/01/26,13:30,SExit,17,25465.06,Buy,199784.00,8602182.50
449,29/01/26,13:30,Buy,17,25465.06,Buy,,
,30/01/26,10:00,LExit,17,25327.44,Sell,(116977.00),8485205.50
450,30/01/26,10:00,Sell,18,25327.44,Sell,,
,03/02/26,10:00,SExit,18,25865.80,2NS,(484524.00),8000681.50
451,04/02/26,14:30,Buy,15,25870.36,Buy,,
,06/02/26,10:30,LExit,15,25597.31,2NL,(204787.50),7795894.00
452,06/02/26,11:00,Sell,16,25576.94,Sell,,
,06/02/26,15:00,SExit,16,25725.06,Buy,(118496.00),7677398.00
453,06/02/26,15:00,Buy,16,25725.06,Buy,,
,12/02/26,15:00,LExit,16,25867.34,Sell,113824.00,7791222.00
454,12/02/26,15:00,Sell,16,25867.34,Sell,,
,17/02/26,11:00,SExit,16,25740.06,Buy,101824.00,7893046.00
455,17/02/26,11:00,Buy,16,25740.06,Buy,,
,18/02/26,10:30,LExit,16,25674.14,Sell,(52736.00),7840310.00
456,18/02/26,10:30,Sell,16,25674.14,Sell,,
,18/02/26,14:30,SExit,16,25770.06,Buy,(76736.00),7763574.00
457,18/02/26,14:30,Buy,16,25770.06,Buy,,
,19/02/26,12:00,LExit,16,25684.34,Sell,(68576.00),7694998.00
458,19/02/26,12:00,Sell,16,25684.34,Sell,,
,23/02/26,10:00,SExit,16,25769.36,Buy,(68016.00),7626982.00
459,23/02/26,10:00,Buy,16,25769.36,Buy,,
,23/02/26,12:00,LExit,16,25625.45,2NL,(115128.00),7511854.00
460,23/02/26,14:30,Sell,16,25620.25,Sell,,
,25/02/26,10:00,SExit,16,25760.06,Buy,(111848.00),7400006.00
461,25/02/26,10:00,Buy,16,25760.06,Buy,,
,25/02/26,13:00,LExit,16,25616.28,2NL,(115024.00),7284982.00
462,26/02/26,12:30,Sell,15,25575.04,Sell,,
,18/03/26,10:00,SExit,15,23757.06,Buy,1363485.00,8648467.00
463,18/03/26,10:00,Buy,17,23757.06,Buy,,
,19/03/26,09:30,LExit,17,23350.00,2NL,(346001.00),8302466.00
464,19/03/26,10:00,Sell,18,23280.14,Sell,,
,25/03/26,10:00,SExit,18,23217.06,Buy,56772.00,8359238.00
465,25/03/26,10:00,Buy,17,23217.06,Buy,,
,27/03/26,10:00,LExit,17,23055.54,Sell,(137292.00),8221946.00
466,27/03/26,10:00,Sell,18,23055.54,Sell,,
,01/04/26,10:00,SExit,18,23000.06,Buy,49932.00,8271878.00
467,01/04/26,10:00,Buy,19,23000.06,Buy,,
,01/04/26,14:00,LExit,19,22792.58,2NL,(197106.00),8074772.00
468,01/04/26,15:00,Sell,18,22751.94,Sell,,
,06/04/26,13:00,SExit,18,22825.96,Buy,(66618.00),8008154.00
469,06/04/26,13:00,Buy,17,22825.96,Buy,,
,23/04/26,15:00,LExit,17,24146.04,Sell,1122068.00,9130222.00
470,23/04/26,15:00,Sell,18,24146.04,Sell,,
,28/04/26,10:30,SExit,18,24155.06,Buy,(8118.00),9122104.00
471,28/04/26,10:30,Buy,20,24155.06,Buy,,
,28/04/26,12:30,LExit,20,24015.51,2NL,(139550.00),8982554.00
472,28/04/26,14:00,Sell,19,23982.14,Sell,,
,29/04/26,09:30,SExit,19,24129.00,2NS,(139517.00),8843037.00
473,29/04/26,10:00,Buy,19,24215.00,Buy,,
,30/04/26,10:00,LExit,19,23940.00,2NL,(261250.00),8581787.00
474,30/04/26,10:30,Sell,18,23929.94,Sell,,
,30/04/26,14:00,SExit,18,24077.78,2NS,(133056.00),8448731.00
475,04/05/26,09:30,Buy,18,24230.00,Buy,,
,04/05/26,14:00,LExit,18,24073.90,2NL,(140490.00),8308241.00
476,05/05/26,10:30,Sell,18,24005.04,Sell,,
,06/05/26,09:30,SExit,18,24270.00,Buy,(238464.00),8069777.00
477,06/05/26,09:30,Buy,18,24270.00,Buy,,
,06/05/26,12:30,LExit,18,24089.16,2NL,(162756.00),7907021.00
478,06/05/26,13:00,Sell,17,24064.04,Sell,,
,06/05/26,14:30,SExit,17,24235.82,2NS,(146013.00),7761008.00
479,06/05/26,14:30,Buy,17,24313.06,Buy,,
,08/05/26,14:00,LExit,17,24181.84,Sell,(111537.00),7649471.00
480,08/05/26,14:00,Sell,17,24181.84,Sell,,
,14/05/26,14:30,SExit,17,23784.96,Buy,337348.00,7986819.00
481,14/05/26,14:30,Buy,17,23784.96,Buy,,
,15/05/26,12:00,LExit,17,23671.94,Sell,(96067.00),7890752.00
482,15/05/26,12:00,Sell,18,23671.94,Sell,,
,19/05/26,10:00,SExit,18,23746.56,Buy,(67158.00),7823594.00
483,19/05/26,10:00,Buy,18,23746.56,Buy,,
,19/05/26,15:30,LExit,18,23626.94,Sell,(107658.00),7715936.00
484,19/05/26,15:30,Sell,18,23626.94,Sell,,
,20/05/26,15:30,SExit,18,23694.06,Buy,(60408.00),7655528.00
485,20/05/26,15:30,Buy,18,23694.06,Buy,,
,21/05/26,13:00,LExit,18,23602.04,Sell,(82818.00),7572710.00
486,21/05/26,13:00,Sell,17,23602.04,Sell,,
,22/05/26,09:30,SExit,17,23763.75,2NS,(137453.50),7435256.50
487,22/05/26,10:00,Buy,17,23764.96,Buy,,
,29/05/26,14:00,LExit,17,23840.94,Sell,64583.00,7499839.50
488,29/05/26,14:00,Sell,17,23840.94,Sell,,
,10/06/26,11:30,SExit,17,23411.16,Buy,365313.00,7865152.50
489,10/06/26,11:30,Buy,17,23411.16,Buy,,
,10/06/26,15:00,LExit,17,23319.94,Sell,(77537.00),7787615.50
490,10/06/26,15:00,Sell,18,23319.94,Sell,,
,12/06/26,09:30,SExit,18,23446.78,2NS,(114156.00),7673459.50
491,12/06/26,14:00,Buy,18,23475.06,Buy,,
,23/06/26,12:30,LExit,18,24002.94,Sell,475092.00,8148551.50
492,23/06/26,12:30,Sell,17,24002.94,Sell,,
,24/06/26,12:30,SExit,17,24025.46,Buy,(19142.00),8129409.50
493,24/06/26,12:30,Buy,18,24025.46,Buy,,
,29/06/26,12:30,LExit,18,24010.04,Sell,(13878.00),8115531.50
494,29/06/26,12:30,Sell,18,24010.04,Sell,,
,01/07/26,10:00,SExit,18,24026.75,Buy,(15039.00),8100492.50
495,01/07/26,10:00,Buy,18,24026.75,Buy,,
,08/07/26,10:00,LExit,18,24257.94,Sell,208071.00,8308563.50
496,08/07/26,10:00,Sell,18,24257.94,Sell,,
,10/07/26,10:30,SExit,18,24242.36,Buy,14022.00,8322585.50
497,10/07/26,10:30,Buy,18,24242.36,Buy,,
,13/07/26,09:30,LExit,18,24070.00,2NL,(155124.00),8167461.50
498,13/07/26,10:00,Sell,18,24030.94,Sell,,
,13/07/26,10:30,SExit,18,24166.48,2NS,(121986.00),8045475.50
499,14/07/26,10:00,Sell,18,24075.04,Sell,,
,15/07/26,09:30,SExit,18,24208.77,2NS,(120357.00),7925118.50
500,15/07/26,10:00,Buy,18,24210.06,Buy,,
,15/07/26,13:00,LExit,18,24078.25,2NL,(118629.00),7806489.50
501,16/07/26,11:30,Buy,17,24199.06,Buy,,
,16/07/26,14:00,LExit,17,24075.67,2NL,(104881.50),7701608.00
502,17/07/26,10:00,Buy,17,24220.06,Buy,,
,20/07/26,10:00,LExit,17,24167.84,Sell,(44387.00),7657221.00
503,20/07/26,10:00,Sell,17,24167.84,Sell,,
,20/07/26,14:30,SExit,17,24274.96,Buy,(91052.00),7566169.00
504,20/07/26,14:30,Buy,17,24274.96,Buy,,
,21/07/26,13:00,LExit,17,24162.94,Sell,(95217.00),7470952.00
505,21/07/26,13:00,Sell,17,24162.94,Sell,,
,27/07/26,12:00,SExit,17,23986.36,Buy,150093.00,7621045.00
506,27/07/26,12:00,Buy,17,23986.36,Buy,,
,11/08/26,10:00,LExit,17,24555.04,Sell,483378.00,8104423.00
507,11/08/26,10:00,Sell,17,24555.04,Sell,,
,20/08/26,13:00,SExit,17,24296.86,Buy,219453.00,8323876.00
508,20/08/26,13:00,Buy,18,24296.86,Buy,,
,21/08/26,10:00,LExit,18,24257.64,Sell,(35298.00),8288578.00
509,21/08/26,10:00,Sell,18,24257.64,Sell,,
,24/08/26,09:30,SExit,18,24340.00,2NS,(74124.00),8214454.00
510,24/08/26,11:30,Sell,18,24269.00,Sell,,
,25/08/26,15:30,SExit,18,24270.06,Buy,(954.00),8213500.00
511,25/08/26,15:30,Buy,18,24270.06,Buy,,
,27/08/26,11:30,LExit,18,24309.94,Sell,35892.00,8249392.00
512,27/08/26,11:30,Sell,18,24309.94,Sell,,
,28/08/26,10:30,SExit,18,24374.96,Buy,(58518.00),8190874.00
513,28/08/26,10:30,Buy,18,24374.96,Buy,,
,28/08/26,12:00,LExit,18,24285.13,2NL,(80847.00),8110027.00
514,28/08/26,12:00,Sell,18,24268.75,Sell,,
,21/09/26,10:00,SExit,18,23416.56,Buy,766971.00,8876998.00
515,21/09/26,10:00,Buy,18,23416.56,Buy,,
,22/09/26,12:00,LExit,18,23373.84,Sell,(38448.00),8838550.00
516,22/09/26,12:00,Sell,20,23373.84,Sell,,
,23/09/26,11:00,SExit,20,23439.06,Buy,(65220.00),8773330.00
517,23/09/26,11:00,Buy,20,23439.06,Buy,,
,24/09/26,09:30,LExit,20,23290.00,2NL,(149060.00),8624270.00
518,24/09/26,10:00,Sell,19,23244.94,Sell,,